-- phpMyAdmin SQL Dump
-- version 5.0.2
-- https://www.phpmyadmin.net/
--
-- Anamakine: 127.0.0.1
-- Üretim Zamanı: 27 Haz 2021, 01:40:21
-- Sunucu sürümü: 10.4.13-MariaDB
-- PHP Sürümü: 7.4.8

SET SQL_MODE = "NO_AUTO_VALUE_ON_ZERO";
START TRANSACTION;
SET time_zone = "+00:00";


/*!40101 SET @OLD_CHARACTER_SET_CLIENT=@@CHARACTER_SET_CLIENT */;
/*!40101 SET @OLD_CHARACTER_SET_RESULTS=@@CHARACTER_SET_RESULTS */;
/*!40101 SET @OLD_COLLATION_CONNECTION=@@COLLATION_CONNECTION */;
/*!40101 SET NAMES utf8mb4 */;

--
-- Veritabanı: `developerlibrary`
--

-- --------------------------------------------------------

--
-- Tablo için tablo yapısı `categories`
--

CREATE TABLE `categories` (
  `category_id` int(11) NOT NULL,
  `category_name` varchar(200) NOT NULL,
  `category_image` varchar(500) NOT NULL,
  `category_content` varchar(500) NOT NULL
) ENGINE=InnoDB DEFAULT CHARSET=utf8;

--
-- Tablo döküm verisi `categories`
--

INSERT INTO `categories` (`category_id`, `category_name`, `category_image`, `category_content`) VALUES
(1, 'PHP', 'https://upload.wikimedia.org/wikipedia/commons/c/c1/PHP_Logo.png', 'PHP'),
(2, 'CSS', 'https://huseyinyaman.com/wp-content/uploads/2019/08/css.png', 'CSS'),
(3, 'HTML', 'https://www.ehaliyle.com/wp-content/uploads/2018/10/html-1080x500.png', 'HTML'),
(4, 'C#', 'https://sem.yildiz.edu.tr/images/common/uzem/cprogramlama.jpg', 'C#'),
(5, 'Java', 'https://stackify.com/wp-content/uploads/2018/09/Java-Debugging-Tips-1280x720.jpg', 'Java'),
(6, 'Python', 'https://vakademi.com.tr/media_files/trainings/2019/04/sifirdan-python-da-uzmanlas_a6722513list.jpg', 'Python'),
(7, 'JavaScript', 'https://upload.wikimedia.org/wikipedia/commons/thumb/9/99/Unofficial_JavaScript_logo_2.svg/1024px-Unofficial_JavaScript_logo_2.svg.png', 'JavaScript');

-- --------------------------------------------------------

--
-- Tablo için tablo yapısı `comments`
--

CREATE TABLE `comments` (
  `comment_id` int(11) NOT NULL,
  `comment_add` varchar(200) NOT NULL,
  `comment_mail` varchar(200) NOT NULL,
  `comment_message` varchar(200) NOT NULL,
  `comment_date` timestamp NOT NULL DEFAULT current_timestamp(),
  `comment_subject_id` int(11) NOT NULL DEFAULT 0,
  `comment_confirmation` int(11) NOT NULL DEFAULT 0
) ENGINE=InnoDB DEFAULT CHARSET=utf8;

--
-- Tablo döküm verisi `comments`
--

INSERT INTO `comments` (`comment_id`, `comment_add`, `comment_mail`, `comment_message`, `comment_date`, `comment_subject_id`, `comment_confirmation`) VALUES
(1, 'Yusuf', '', 'Merhaba dünya', '2021-05-15 17:56:21', 1, 1),
(2, 'admin', 'developerlibrarycommunity@gmail.com', 'asdasdasd', '2021-05-16 11:14:29', 1, 0),
(3, 'admin', 'developerlibrarycommunity@gmail.com', 'adasdasdassd', '2021-05-16 11:15:36', 1, 0),
(4, 'admin', 'developerlibrarycommunity@gmail.com', 'asdasdasdasd', '2021-05-16 11:16:33', 1, 0),
(5, 'admin', 'developerlibrarycommunity@gmail.com', 'asdasdasds', '2021-05-16 11:17:28', 1, 0),
(6, 'admin', 'developerlibrarycommunity@gmail.com', 'asdasdasdasdasdasd', '2021-05-16 11:18:33', 1, 0),
(7, 'admin', 'developerlibrarycommunity@gmail.com', 'asdasdasdasdas', '2021-05-16 11:19:27', 1, 0),
(8, 'admin', 'developerlibrarycommunity@gmail.com', 'asdasdasdasdasdasdasdad', '2021-05-16 11:21:33', 1, 0),
(9, 'admin', 'developerlibrarycommunity@gmail.com', 'asdasdaaaaaaaaaaaaaaaaaaaaaaaaaaaaaaaaaaaaaa', '2021-05-16 11:22:12', 1, 0),
(10, 'admin', 'developerlibrarycommunity@gmail.com', 'lalalala loreöm', '2021-05-16 11:26:28', 1, 0),
(11, 'admin', 'developerlibrarycommunity@gmail.com', 'asdasdasd', '2021-05-16 11:27:46', 1, 0),
(12, 'admin', 'developerlibrarycommunity@gmail.com', 'asdasdasdasdasdasd', '2021-05-16 11:31:58', 1, 0),
(13, 'admin', 'developerlibrarycommunity@gmail.com', 'lorem naber', '2021-05-16 11:32:07', 1, 0),
(14, 'admin', 'developerlibrarycommunity@gmail.com', 'asdasdasdasdasd', '2021-05-16 11:38:27', 1, 0),
(15, 'admin', 'developerlibrarycommunity@gmail.com', 'Merhaba Dünya', '2021-05-16 11:38:35', 1, 0),
(17, 'admin', 'developerlibrarycommunity@gmail.com', 'naber ', '2021-05-16 12:56:44', 1, 0),
(18, 'admin', 'developerlibrarycommunity@gmail.com', 'nbr', '2021-05-16 12:58:50', 1, 0),
(19, 'admin', 'developerlibrarycommunity@gmail.com', 'Naber Tuğba', '2021-05-16 16:19:00', 1, 0),
(20, 'admin', 'developerlibrarycommunity@gmail.com', 'Güzel anlatım tebrikler', '2021-05-16 17:30:10', 2, 0),
(21, 'admin', 'developerlibrarycommunity@gmail.com', 'Nicee', '2021-05-18 10:58:29', 6, 0),
(22, 'admin', 'developerlibrarycommunity@gmail.com', 'bu bir yorumdur', '2021-05-18 14:07:16', 7, 0),
(23, 'ugur', 'asldals@alsdla.com', 'bu ne biçim anlatım', '2021-05-18 17:16:38', 12, 0),
(24, 'ugur', 'asldals@alsdla.com', 'lalalal lalaland', '2021-05-18 17:18:39', 12, 0),
(25, 'admin', 'developerlibrarycommunity@gmail.com', 'lalal', '2021-05-19 10:55:49', 9, 0),
(26, 'admin', 'developerlibrarycommunity@gmail.com', '1', '2021-05-19 11:14:32', 17, 0),
(27, 'admin', 'developerlibrarycommunity@gmail.com', 'ssdasd', '2021-05-19 11:17:46', 7, 0),
(28, 'admin', 'developerlibrarycommunity@gmail.com', '2', '2021-05-19 11:23:38', 17, 0),
(29, 'admin', 'developerlibrarycommunity@gmail.com', 'lalal', '2021-05-19 11:23:45', 17, 0),
(30, 'admin', 'developerlibrarycommunity@gmail.com', 'güzel anlatım', '2021-05-19 12:32:43', 18, 0),
(31, 'admin', 'developerlibrarycommunity@gmail.com', 'asdasd', '2021-05-19 12:36:47', 10, 0),
(32, 'admin', 'developerlibrarycommunity@gmail.com', 'sdasda', '2021-05-19 12:36:54', 10, 0),
(33, 'admin', 'developerlibrary@gmail.com', 'Leş gibi ders', '2021-05-25 11:59:46', 21, 0),
(34, 'admin', 'developerlibrary@gmail.com', 'Güzel anlatım...', '2021-06-06 11:10:32', 22, 0),
(35, 'ugur', 'asldals@alsdla.coz', 'Çok basit bir anlatım olmuş. Yeni başlayan öğrenciler için yeterli olabilir.', '2021-06-06 11:11:19', 22, 0),
(36, 'admin', 'developerlibrary@gmail.com', 'Güzel anlatım\r\n', '2021-06-08 12:13:44', 23, 0),
(37, 'yusf', 'deneme@dlsdl.com', 'Güzel anllatım', '2021-06-08 14:38:39', 24, 0);

-- --------------------------------------------------------

--
-- Tablo için tablo yapısı `messages`
--

CREATE TABLE `messages` (
  `message_id` int(11) NOT NULL,
  `message_title` varchar(200) NOT NULL,
  `message_content` varchar(1000) NOT NULL,
  `message_sender` varchar(200) NOT NULL,
  `message_recipient` int(11) NOT NULL DEFAULT 0,
  `message_date` timestamp NOT NULL DEFAULT current_timestamp(),
  `message_read` int(11) NOT NULL DEFAULT 0
) ENGINE=InnoDB DEFAULT CHARSET=utf8;

--
-- Tablo döküm verisi `messages`
--

INSERT INTO `messages` (`message_id`, `message_title`, `message_content`, `message_sender`, `message_recipient`, `message_date`, `message_read`) VALUES
(13, 'php', 'php dersleri', 'admin', 1, '2021-06-24 14:44:48', 1),
(14, 'Java', 'Lorem Ipsum is simply dummy text of the printing and typesetting industry. ', 'ugur', 1, '2021-06-25 09:23:09', 1),
(15, 'Deneme', 'Deneme Mesaj', 'admin', 1, '2021-06-26 16:08:43', 0),
(16, 'deneme', 'deneme mesaj\r\n', 'admin', 1, '2021-06-26 16:08:58', 0),
(17, 'deneme', 'deneme mesaj', 'ugur', 1, '2021-06-26 16:10:01', 0);

-- --------------------------------------------------------

--
-- Tablo için tablo yapısı `subjects`
--

CREATE TABLE `subjects` (
  `subject_id` int(11) NOT NULL,
  `subject_title` varchar(200) NOT NULL,
  `subject_explanation` text NOT NULL,
  `subject_owner` varchar(200) NOT NULL,
  `subject_date` timestamp NOT NULL DEFAULT current_timestamp(),
  `subject_category` int(11) NOT NULL,
  `subject_status` int(11) NOT NULL DEFAULT 0,
  `subject_hit` int(11) NOT NULL DEFAULT 0,
  `subject_image` text NOT NULL
) ENGINE=InnoDB DEFAULT CHARSET=utf8;

--
-- Tablo döküm verisi `subjects`
--

INSERT INTO `subjects` (`subject_id`, `subject_title`, `subject_explanation`, `subject_owner`, `subject_date`, `subject_category`, `subject_status`, `subject_hit`, `subject_image`) VALUES
(1, 'PHP', 'What is Lorem Ipsum?\r\nLorem Ipsum is simply dummy text of the printing and typesetting industry. Lorem Ipsum has been the industry\'s standard dummy text ever since the 1500s, when an unknown printer took a galley of type and scrambled it to make a type specimen book. It has survived not only five centuries, but also the leap into electronic typesetting, remaining essentially unchanged. It was popularised in the 1960s with the release of Letraset sheets containing Lorem Ipsum passages, and more recently with desktop publishing software like Aldus PageMaker including versions of Lorem Ipsum.\r\n\r\nWhy do we use it?\r\nIt is a long established fact that a reader will be distracted by the readable content of a page when looking at its layout. The point of using Lorem Ipsum is that it has a more-or-less normal distribution of letters, as opposed to using \'Content here, content here\', making it look like readable English. Many desktop publishing packages and web page editors now use Lorem Ipsum as their default model text, and a search for \'lorem ipsum\' will uncover many web sites still in their infancy. Various versions have evolved over the years, sometimes by accident, sometimes on purpose (injected humour and the like).\r\n\r\n\r\nWhere does it come from?\r\nContrary to popular belief, Lorem Ipsum is not simply random text. It has roots in a piece of classical Latin literature from 45 BC, making it over 2000 years old. Richard McClintock, a Latin professor at Hampden-Sydney College in Virginia, looked up one of the more obscure Latin words, consectetur, from a Lorem Ipsum passage, and going through the cites of the word in classical literature, discovered the undoubtable source. Lorem Ipsum comes from sections 1.10.32 and 1.10.33 of \"de Finibus Bonorum et Malorum\" (The Extremes of Good and Evil) by Cicero, written in 45 BC. This book is a treatise on the theory of ethics, very popular during the Renaissance. The first line of Lorem Ipsum, \"Lorem ipsum dolor sit amet..\", comes from a line in section 1.10.32.\r\n\r\nThe standard chunk of Lorem Ipsum used since the 1500s is reproduced below for those interested. Sections 1.10.32 and 1.10.33 from \"de Finibus Bonorum et Malorum\" by Cicero are also reproduced in their exact original form, accompanied by English versions from the 1914 translation by H. Rackham.\r\n\r\nWhere can I get some?\r\nThere are many variations of passages of Lorem Ipsum available, but the majority have suffered alteration in some form, by injected humour, or randomised words which don\'t look even slightly believable. If you are going to use a passage of Lorem Ipsum, you need to be sure there isn\'t anything embarrassing hidden in the middle of text. All the Lorem Ipsum generators on the Internet tend to repeat predefined chunks as necessary, making this the first true generator on the Internet. It uses a dictionary of over 200 Latin words, combined with a handful of model sentence structures, to generate Lorem Ipsum which looks reasonable. The generated Lorem Ipsum is therefore always free from repetition, injected humour, or non-characteristic words etc.', 'Yusuf Polat', '2021-05-14 11:30:15', 1, 1, 25, 'https://www.pngfind.com/pngs/m/146-1466902_php-logo-png-transparent-php-logo-png-png.png'),
(2, 'CSS', 'What is Lorem Ipsum?\r\nLorem Ipsum is simply dummy text of the printing and typesetting industry. Lorem Ipsum has been the industry\'s standard dummy text ever since the 1500s, when an unknown printer took a galley of type and scrambled it to make a type specimen book. It has survived not only five centuries, but also the leap into electronic typesetting, remaining essentially unchanged. It was popularised in the 1960s with the release of Letraset sheets containing Lorem Ipsum passages, and more recently with desktop publishing software like Aldus PageMaker including versions of Lorem Ipsum.\r\n\r\nWhy do we use it?\r\nIt is a long established fact that a reader will be distracted by the readable content of a page when looking at its layout. The point of using Lorem Ipsum is that it has a more-or-less normal distribution of letters, as opposed to using \'Content here, content here\', making it look like readable English. Many desktop publishing packages and web page editors now use Lorem Ipsum as their default model text, and a search for \'lorem ipsum\' will uncover many web sites still in their infancy. Various versions have evolved over the years, sometimes by accident, sometimes on purpose (injected humour and the like).\r\n\r\n\r\nWhere does it come from?\r\nContrary to popular belief, Lorem Ipsum is not simply random text. It has roots in a piece of classical Latin literature from 45 BC, making it over 2000 years old. Richard McClintock, a Latin professor at Hampden-Sydney College in Virginia, looked up one of the more obscure Latin words, consectetur, from a Lorem Ipsum passage, and going through the cites of the word in classical literature, discovered the undoubtable source. Lorem Ipsum comes from sections 1.10.32 and 1.10.33 of \"de Finibus Bonorum et Malorum\" (The Extremes of Good and Evil) by Cicero, written in 45 BC. This book is a treatise on the theory of ethics, very popular during the Renaissance. The first line of Lorem Ipsum, \"Lorem ipsum dolor sit amet..\", comes from a line in section 1.10.32.\r\n\r\nThe standard chunk of Lorem Ipsum used since the 1500s is reproduced below for those interested. Sections 1.10.32 and 1.10.33 from \"de Finibus Bonorum et Malorum\" by Cicero are also reproduced in their exact original form, accompanied by English versions from the 1914 translation by H. Rackham.\r\n\r\nWhere can I get some?\r\nThere are many variations of passages of Lorem Ipsum available, but the majority have suffered alteration in some form, by injected humour, or randomised words which don\'t look even slightly believable. If you are going to use a passage of Lorem Ipsum, you need to be sure there isn\'t anything embarrassing hidden in the middle of text. All the Lorem Ipsum generators on the Internet tend to repeat predefined chunks as necessary, making this the first true generator on the Internet. It uses a dictionary of over 200 Latin words, combined with a handful of model sentence structures, to generate Lorem Ipsum which looks reasonable. The generated Lorem Ipsum is therefore always free from repetition, injected humour, or non-characteristic words etc.', 'Tuğba Polat', '2021-05-16 15:53:49', 2, 1, 6, 'https://www.uguroksuz.com/wp-content/uploads/2017/05/CSS-300x300.png'),
(3, 'HTML', 'What is Lorem Ipsum?\r\nLorem Ipsum is simply dummy text of the printing and typesetting industry. Lorem Ipsum has been the industry\'s standard dummy text ever since the 1500s, when an unknown printer took a galley of type and scrambled it to make a type specimen book. It has survived not only five centuries, but also the leap into electronic typesetting, remaining essentially unchanged. It was popularised in the 1960s with the release of Letraset sheets containing Lorem Ipsum passages, and more recently with desktop publishing software like Aldus PageMaker including versions of Lorem Ipsum.\r\n\r\nWhy do we use it?\r\nIt is a long established fact that a reader will be distracted by the readable content of a page when looking at its layout. The point of using Lorem Ipsum is that it has a more-or-less normal distribution of letters, as opposed to using \'Content here, content here\', making it look like readable English. Many desktop publishing packages and web page editors now use Lorem Ipsum as their default model text, and a search for \'lorem ipsum\' will uncover many web sites still in their infancy. Various versions have evolved over the years, sometimes by accident, sometimes on purpose (injected humour and the like).\r\n\r\n\r\nWhere does it come from?\r\nContrary to popular belief, Lorem Ipsum is not simply random text. It has roots in a piece of classical Latin literature from 45 BC, making it over 2000 years old. Richard McClintock, a Latin professor at Hampden-Sydney College in Virginia, looked up one of the more obscure Latin words, consectetur, from a Lorem Ipsum passage, and going through the cites of the word in classical literature, discovered the undoubtable source. Lorem Ipsum comes from sections 1.10.32 and 1.10.33 of \"de Finibus Bonorum et Malorum\" (The Extremes of Good and Evil) by Cicero, written in 45 BC. This book is a treatise on the theory of ethics, very popular during the Renaissance. The first line of Lorem Ipsum, \"Lorem ipsum dolor sit amet..\", comes from a line in section 1.10.32.\r\n\r\nThe standard chunk of Lorem Ipsum used since the 1500s is reproduced below for those interested. Sections 1.10.32 and 1.10.33 from \"de Finibus Bonorum et Malorum\" by Cicero are also reproduced in their exact original form, accompanied by English versions from the 1914 translation by H. Rackham.\r\n\r\nWhere can I get some?\r\nThere are many variations of passages of Lorem Ipsum available, but the majority have suffered alteration in some form, by injected humour, or randomised words which don\'t look even slightly believable. If you are going to use a passage of Lorem Ipsum, you need to be sure there isn\'t anything embarrassing hidden in the middle of text. All the Lorem Ipsum generators on the Internet tend to repeat predefined chunks as necessary, making this the first true generator on the Internet. It uses a dictionary of over 200 Latin words, combined with a handful of model sentence structures, to generate Lorem Ipsum which looks reasonable. The generated Lorem Ipsum is therefore always free from repetition, injected humour, or non-characteristic words etc.', 'Yunus Emre Polat', '2021-05-17 15:34:51', 3, 1, 3, 'http://upload.turkcewiki.org/wikipedia/commons/thumb/6/61/HTML5_logo_and_wordmark.svg/1200px-HTML5_logo_and_wordmark.svg.png'),
(4, 'C#', 'What is Lorem Ipsum?\r\nLorem Ipsum is simply dummy text of the printing and typesetting industry. Lorem Ipsum has been the industry\'s standard dummy text ever since the 1500s, when an unknown printer took a galley of type and scrambled it to make a type specimen book. It has survived not only five centuries, but also the leap into electronic typesetting, remaining essentially unchanged. It was popularised in the 1960s with the release of Letraset sheets containing Lorem Ipsum passages, and more recently with desktop publishing software like Aldus PageMaker including versions of Lorem Ipsum.\r\n\r\nWhy do we use it?\r\nIt is a long established fact that a reader will be distracted by the readable content of a page when looking at its layout. The point of using Lorem Ipsum is that it has a more-or-less normal distribution of letters, as opposed to using \'Content here, content here\', making it look like readable English. Many desktop publishing packages and web page editors now use Lorem Ipsum as their default model text, and a search for \'lorem ipsum\' will uncover many web sites still in their infancy. Various versions have evolved over the years, sometimes by accident, sometimes on purpose (injected humour and the like).\r\n\r\n\r\nWhere does it come from?\r\nContrary to popular belief, Lorem Ipsum is not simply random text. It has roots in a piece of classical Latin literature from 45 BC, making it over 2000 years old. Richard McClintock, a Latin professor at Hampden-Sydney College in Virginia, looked up one of the more obscure Latin words, consectetur, from a Lorem Ipsum passage, and going through the cites of the word in classical literature, discovered the undoubtable source. Lorem Ipsum comes from sections 1.10.32 and 1.10.33 of \"de Finibus Bonorum et Malorum\" (The Extremes of Good and Evil) by Cicero, written in 45 BC. This book is a treatise on the theory of ethics, very popular during the Renaissance. The first line of Lorem Ipsum, \"Lorem ipsum dolor sit amet..\", comes from a line in section 1.10.32.\r\n\r\nThe standard chunk of Lorem Ipsum used since the 1500s is reproduced below for those interested. Sections 1.10.32 and 1.10.33 from \"de Finibus Bonorum et Malorum\" by Cicero are also reproduced in their exact original form, accompanied by English versions from the 1914 translation by H. Rackham.\r\n\r\nWhere can I get some?\r\nThere are many variations of passages of Lorem Ipsum available, but the majority have suffered alteration in some form, by injected humour, or randomised words which don\'t look even slightly believable. If you are going to use a passage of Lorem Ipsum, you need to be sure there isn\'t anything embarrassing hidden in the middle of text. All the Lorem Ipsum generators on the Internet tend to repeat predefined chunks as necessary, making this the first true generator on the Internet. It uses a dictionary of over 200 Latin words, combined with a handful of model sentence structures, to generate Lorem Ipsum which looks reasonable. The generated Lorem Ipsum is therefore always free from repetition, injected humour, or non-characteristic words etc.', 'Mehmet Demirtaş', '2021-05-17 15:34:51', 4, 1, 2, 'https://camo.githubusercontent.com/52045ed9d775b4ac9286e51c28b878edca6bb1750815b423c8d06c7976040ab7/68747470733a2f2f6d617274696e63686176657a2e6769746875622e696f2f4173736574732f4c6f676f732f6373686172702e737667'),
(5, 'Java', 'What is Lorem Ipsum?\r\nLorem Ipsum is simply dummy text of the printing and typesetting industry. Lorem Ipsum has been the industry\'s standard dummy text ever since the 1500s, when an unknown printer took a galley of type and scrambled it to make a type specimen book. It has survived not only five centuries, but also the leap into electronic typesetting, remaining essentially unchanged. It was popularised in the 1960s with the release of Letraset sheets containing Lorem Ipsum passages, and more recently with desktop publishing software like Aldus PageMaker including versions of Lorem Ipsum.\r\n\r\nWhy do we use it?\r\nIt is a long established fact that a reader will be distracted by the readable content of a page when looking at its layout. The point of using Lorem Ipsum is that it has a more-or-less normal distribution of letters, as opposed to using \'Content here, content here\', making it look like readable English. Many desktop publishing packages and web page editors now use Lorem Ipsum as their default model text, and a search for \'lorem ipsum\' will uncover many web sites still in their infancy. Various versions have evolved over the years, sometimes by accident, sometimes on purpose (injected humour and the like).\r\n\r\n\r\nWhere does it come from?\r\nContrary to popular belief, Lorem Ipsum is not simply random text. It has roots in a piece of classical Latin literature from 45 BC, making it over 2000 years old. Richard McClintock, a Latin professor at Hampden-Sydney College in Virginia, looked up one of the more obscure Latin words, consectetur, from a Lorem Ipsum passage, and going through the cites of the word in classical literature, discovered the undoubtable source. Lorem Ipsum comes from sections 1.10.32 and 1.10.33 of \"de Finibus Bonorum et Malorum\" (The Extremes of Good and Evil) by Cicero, written in 45 BC. This book is a treatise on the theory of ethics, very popular during the Renaissance. The first line of Lorem Ipsum, \"Lorem ipsum dolor sit amet..\", comes from a line in section 1.10.32.\r\n\r\nThe standard chunk of Lorem Ipsum used since the 1500s is reproduced below for those interested. Sections 1.10.32 and 1.10.33 from \"de Finibus Bonorum et Malorum\" by Cicero are also reproduced in their exact original form, accompanied by English versions from the 1914 translation by H. Rackham.\r\n\r\nWhere can I get some?\r\nThere are many variations of passages of Lorem Ipsum available, but the majority have suffered alteration in some form, by injected humour, or randomised words which don\'t look even slightly believable. If you are going to use a passage of Lorem Ipsum, you need to be sure there isn\'t anything embarrassing hidden in the middle of text. All the Lorem Ipsum generators on the Internet tend to repeat predefined chunks as necessary, making this the first true generator on the Internet. It uses a dictionary of over 200 Latin words, combined with a handful of model sentence structures, to generate Lorem Ipsum which looks reasonable. The generated Lorem Ipsum is therefore always free from repetition, injected humour, or non-characteristic words etc.', 'Barış Kaya', '2021-05-17 15:36:09', 5, 1, 2, 'https://miro.medium.com/max/2000/1*CVpIFxOrnDsGwwaOKcKw_A.png'),
(6, 'Python', 'What is Lorem Ipsum?\r\nLorem Ipsum is simply dummy text of the printing and typesetting industry. Lorem Ipsum has been the industry\'s standard dummy text ever since the 1500s, when an unknown printer took a galley of type and scrambled it to make a type specimen book. It has survived not only five centuries, but also the leap into electronic typesetting, remaining essentially unchanged. It was popularised in the 1960s with the release of Letraset sheets containing Lorem Ipsum passages, and more recently with desktop publishing software like Aldus PageMaker including versions of Lorem Ipsum.\r\n\r\nWhy do we use it?\r\nIt is a long established fact that a reader will be distracted by the readable content of a page when looking at its layout. The point of using Lorem Ipsum is that it has a more-or-less normal distribution of letters, as opposed to using \'Content here, content here\', making it look like readable English. Many desktop publishing packages and web page editors now use Lorem Ipsum as their default model text, and a search for \'lorem ipsum\' will uncover many web sites still in their infancy. Various versions have evolved over the years, sometimes by accident, sometimes on purpose (injected humour and the like).\r\n\r\n\r\nWhere does it come from?\r\nContrary to popular belief, Lorem Ipsum is not simply random text. It has roots in a piece of classical Latin literature from 45 BC, making it over 2000 years old. Richard McClintock, a Latin professor at Hampden-Sydney College in Virginia, looked up one of the more obscure Latin words, consectetur, from a Lorem Ipsum passage, and going through the cites of the word in classical literature, discovered the undoubtable source. Lorem Ipsum comes from sections 1.10.32 and 1.10.33 of \"de Finibus Bonorum et Malorum\" (The Extremes of Good and Evil) by Cicero, written in 45 BC. This book is a treatise on the theory of ethics, very popular during the Renaissance. The first line of Lorem Ipsum, \"Lorem ipsum dolor sit amet..\", comes from a line in section 1.10.32.\r\n\r\nThe standard chunk of Lorem Ipsum used since the 1500s is reproduced below for those interested. Sections 1.10.32 and 1.10.33 from \"de Finibus Bonorum et Malorum\" by Cicero are also reproduced in their exact original form, accompanied by English versions from the 1914 translation by H. Rackham.\r\n\r\nWhere can I get some?\r\nThere are many variations of passages of Lorem Ipsum available, but the majority have suffered alteration in some form, by injected humour, or randomised words which don\'t look even slightly believable. If you are going to use a passage of Lorem Ipsum, you need to be sure there isn\'t anything embarrassing hidden in the middle of text. All the Lorem Ipsum generators on the Internet tend to repeat predefined chunks as necessary, making this the first true generator on the Internet. It uses a dictionary of over 200 Latin words, combined with a handful of model sentence structures, to generate Lorem Ipsum which looks reasonable. The generated Lorem Ipsum is therefore always free from repetition, injected humour, or non-characteristic words etc.', 'Tutku Değirmencioğlu', '2021-05-17 15:36:09', 6, 1, 2, 'https://furrki.files.wordpress.com/2017/06/python.png'),
(7, 'JavaScript', 'What is Lorem Ipsum?\r\nLorem Ipsum is simply dummy text of the printing and typesetting industry. Lorem Ipsum has been the industry\'s standard dummy text ever since the 1500s, when an unknown printer took a galley of type and scrambled it to make a type specimen book. It has survived not only five centuries, but also the leap into electronic typesetting, remaining essentially unchanged. It was popularised in the 1960s with the release of Letraset sheets containing Lorem Ipsum passages, and more recently with desktop publishing software like Aldus PageMaker including versions of Lorem Ipsum.\r\n\r\nWhy do we use it?\r\nIt is a long established fact that a reader will be distracted by the readable content of a page when looking at its layout. The point of using Lorem Ipsum is that it has a more-or-less normal distribution of letters, as opposed to using \'Content here, content here\', making it look like readable English. Many desktop publishing packages and web page editors now use Lorem Ipsum as their default model text, and a search for \'lorem ipsum\' will uncover many web sites still in their infancy. Various versions have evolved over the years, sometimes by accident, sometimes on purpose (injected humour and the like).\r\n\r\n\r\nWhere does it come from?\r\nContrary to popular belief, Lorem Ipsum is not simply random text. It has roots in a piece of classical Latin literature from 45 BC, making it over 2000 years old. Richard McClintock, a Latin professor at Hampden-Sydney College in Virginia, looked up one of the more obscure Latin words, consectetur, from a Lorem Ipsum passage, and going through the cites of the word in classical literature, discovered the undoubtable source. Lorem Ipsum comes from sections 1.10.32 and 1.10.33 of \"de Finibus Bonorum et Malorum\" (The Extremes of Good and Evil) by Cicero, written in 45 BC. This book is a treatise on the theory of ethics, very popular during the Renaissance. The first line of Lorem Ipsum, \"Lorem ipsum dolor sit amet..\", comes from a line in section 1.10.32.\r\n\r\nThe standard chunk of Lorem Ipsum used since the 1500s is reproduced below for those interested. Sections 1.10.32 and 1.10.33 from \"de Finibus Bonorum et Malorum\" by Cicero are also reproduced in their exact original form, accompanied by English versions from the 1914 translation by H. Rackham.\r\n\r\nWhere can I get some?\r\nThere are many variations of passages of Lorem Ipsum available, but the majority have suffered alteration in some form, by injected humour, or randomised words which don\'t look even slightly believable. If you are going to use a passage of Lorem Ipsum, you need to be sure there isn\'t anything embarrassing hidden in the middle of text. All the Lorem Ipsum generators on the Internet tend to repeat predefined chunks as necessary, making this the first true generator on the Internet. It uses a dictionary of over 200 Latin words, combined with a handful of model sentence structures, to generate Lorem Ipsum which looks reasonable. The generated Lorem Ipsum is therefore always free from repetition, injected humour, or non-characteristic words etc.', 'Barış Kaya', '2021-05-17 17:05:57', 7, 1, 3, 'https://www.vhv.rs/dpng/d/313-3133777_javascript-transparent-background-svg-hd-png-download.png'),
(9, 'Java OOP', 'What is Lorem Ipsum?\r\nLorem Ipsum is simply dummy text of the printing and typesetting industry. Lorem Ipsum has been the industry\'s standard dummy text ever since the 1500s, when an unknown printer took a galley of type and scrambled it to make a type specimen book. It has survived not only five centuries, but also the leap into electronic typesetting, remaining essentially unchanged. It was popularised in the 1960s with the release of Letraset sheets containing Lorem Ipsum passages, and more recently with desktop publishing software like Aldus PageMaker including versions of Lorem Ipsum.\r\n\r\nWhy do we use it?\r\nIt is a long established fact that a reader will be distracted by the readable content of a page when looking at its layout. The point of using Lorem Ipsum is that it has a more-or-less normal distribution of letters, as opposed to using \'Content here, content here\', making it look like readable English. Many desktop publishing packages and web page editors now use Lorem Ipsum as their default model text, and a search for \'lorem ipsum\' will uncover many web sites still in their infancy. Various versions have evolved over the years, sometimes by accident, sometimes on purpose (injected humour and the like).\r\n\r\n\r\nWhere does it come from?\r\nContrary to popular belief, Lorem Ipsum is not simply random text. It has roots in a piece of classical Latin literature from 45 BC, making it over 2000 years old. Richard McClintock, a Latin professor at Hampden-Sydney College in Virginia, looked up one of the more obscure Latin words, consectetur, from a Lorem Ipsum passage, and going through the cites of the word in classical literature, discovered the undoubtable source. Lorem Ipsum comes from sections 1.10.32 and 1.10.33 of \"de Finibus Bonorum et Malorum\" (The Extremes of Good and Evil) by Cicero, written in 45 BC. This book is a treatise on the theory of ethics, very popular during the Renaissance. The first line of Lorem Ipsum, \"Lorem ipsum dolor sit amet..\", comes from a line in section 1.10.32.\r\n\r\nThe standard chunk of Lorem Ipsum used since the 1500s is reproduced below for those interested. Sections 1.10.32 and 1.10.33 from \"de Finibus Bonorum et Malorum\" by Cicero are also reproduced in their exact original form, accompanied by English versions from the 1914 translation by H. Rackham.\r\n\r\nWhere can I get some?\r\nThere are many variations of passages of Lorem Ipsum available, but the majority have suffered alteration in some form, by injected humour, or randomised words which don\'t look even slightly believable. If you are going to use a passage of Lorem Ipsum, you need to be sure there isn\'t anything embarrassing hidden in the middle of text. All the Lorem Ipsum generators on the Internet tend to repeat predefined chunks as necessary, making this the first true generator on the Internet. It uses a dictionary of over 200 Latin words, combined with a handful of model sentence structures, to generate Lorem Ipsum which looks reasonable. The generated Lorem Ipsum is therefore always free from repetition, injected humour, or non-characteristic words etc.', 'admin', '2021-05-18 13:58:08', 5, 1, 8, 'https://codingnomads.co/wp-content/uploads/2020/12/OOP-graphic-blog-oop-concepts-in-java-what-is-object-oriented-programming.png'),
(10, 'C# OOP', 'What is Lorem Ipsum?\r\nLorem Ipsum is simply dummy text of the printing and typesetting industry. Lorem Ipsum has been the industry\'s standard dummy text ever since the 1500s, when an unknown printer took a galley of type and scrambled it to make a type specimen book. It has survived not only five centuries, but also the leap into electronic typesetting, remaining essentially unchanged. It was popularised in the 1960s with the release of Letraset sheets containing Lorem Ipsum passages, and more recently with desktop publishing software like Aldus PageMaker including versions of Lorem Ipsum.\r\n\r\nWhy do we use it?\r\nIt is a long established fact that a reader will be distracted by the readable content of a page when looking at its layout. The point of using Lorem Ipsum is that it has a more-or-less normal distribution of letters, as opposed to using \'Content here, content here\', making it look like readable English. Many desktop publishing packages and web page editors now use Lorem Ipsum as their default model text, and a search for \'lorem ipsum\' will uncover many web sites still in their infancy. Various versions have evolved over the years, sometimes by accident, sometimes on purpose (injected humour and the like).\r\n\r\n\r\nWhere does it come from?\r\nContrary to popular belief, Lorem Ipsum is not simply random text. It has roots in a piece of classical Latin literature from 45 BC, making it over 2000 years old. Richard McClintock, a Latin professor at Hampden-Sydney College in Virginia, looked up one of the more obscure Latin words, consectetur, from a Lorem Ipsum passage, and going through the cites of the word in classical literature, discovered the undoubtable source. Lorem Ipsum comes from sections 1.10.32 and 1.10.33 of \"de Finibus Bonorum et Malorum\" (The Extremes of Good and Evil) by Cicero, written in 45 BC. This book is a treatise on the theory of ethics, very popular during the Renaissance. The first line of Lorem Ipsum, \"Lorem ipsum dolor sit amet..\", comes from a line in section 1.10.32.\r\n\r\nThe standard chunk of Lorem Ipsum used since the 1500s is reproduced below for those interested. Sections 1.10.32 and 1.10.33 from \"de Finibus Bonorum et Malorum\" by Cicero are also reproduced in their exact original form, accompanied by English versions from the 1914 translation by H. Rackham.\r\n\r\nWhere can I get some?\r\nThere are many variations of passages of Lorem Ipsum available, but the majority have suffered alteration in some form, by injected humour, or randomised words which don\'t look even slightly believable. If you are going to use a passage of Lorem Ipsum, you need to be sure there isn\'t anything embarrassing hidden in the middle of text. All the Lorem Ipsum generators on the Internet tend to repeat predefined chunks as necessary, making this the first true generator on the Internet. It uses a dictionary of over 200 Latin words, combined with a handful of model sentence structures, to generate Lorem Ipsum which looks reasonable. The generated Lorem Ipsum is therefore always free from repetition, injected humour, or non-characteristic words etc.', 'admin', '2021-05-18 14:08:26', 4, 1, 5, 'data:image/png;base64,iVBORw0KGgoAAAANSUhEUgAAAOEAAADhCAMAAAAJbSJIAAAAllBMVEUenSQFkwz///8AjQAAkAAQlxYAlwAAigAAjwAAlQD8/vwAkgC01bT0+fTC4MMSmxrc790AmQ/g7+Bot2vs9uzI48mHxIk4pTzp9eq+3r9+vYCt1K7X69ifz6GNx4/N5c5uuXFhtGRCqEYpnCyazZyp0qpzuHVMqU9Uq1Z4u3pDpUYknCgwnjMvojQAggCczp5UsFc5oDueXiU8AAAP1UlEQVR4nNWda3eqOhCGKWAAUSne77ftrbWe3f7/P3dASZpAgJkElP1+OOsstlIeE5LJZGZimLWrOx11Vuv56Ty5XVutt1brepucT/P1qjOaduv/80adN59uVvN9y3Usy3Vt3/ffqKL/t13Xshy3tZ+vNtM6H6IuwuFs/RmhRWD2W5Gif3cj0M/1bFjTk9RBOF1sjajZ/EI0UX7UoMZ2UUdjVk3YHc3/OJaNoWOUtuV8jUdVv5qVEnZnAxfXdpK2dAezdpUPVSFhjFf80sFkW+6uV91jVUXYH/uV4FFIf9yv6MmqIVz8OG5leA+5zs+ikmergHC4di2ddy9PvuWuK5hCtAn7W6vq5vuVa221O6sm4fvOqe7tk8l2du8vJHy/VDi65DJaeowahNO6248xOjsNY0eZsDt/QvsxRmuubOqoEh79+sYXmVz/+FTC5dV6Kl8s67p8HuGHU8f8VybfmT+JsPfkDvor11ewV9GE7dNLGvAh3znVTrhsvaoBH3Jb2LcRSbh+YQM+5DvrGgmHP88fQrOyflD2OIZwZD9vji+SbY/qITw4r0Zjcg41ELYvTeihVNYF7MuBEg7/vHYMTcv9AzVUgYRL/9VjaFq+D5w2YIS9WtwUevItmIEDIjw2Z4zh5YCWGxDCVTMBI8RVNYQNmiXSgswa5YQH0no1SL4AJlwp4YEYxj+NWEa4igCbjVjWUUsIj55hNB2xZEQtJlwkgM1GLN7fKCTcMMBmIxYuNYoI+8Qw/glEq2hzo4CwGwTGv4Ho+wVmeD5heyICNhnR/spfTOUT7kIjreYiuhc84YFkAJuMaOVOi3mEI08C2GTE3AE1h3CY7aJNR7RzPHA5hPv0KNN8RP8LQ7jOa8ImI1pjOOFGNso0H9HZQAnbRXwNRvTfZLOijHBb0EcbjehuYYS9wj7aaERnBiLMHUabj2j7EMJ5WR9tMqL7UU64LO+jTUZ0Mp7wDOEN0kmbi+hfywiPwCZsLKKVdtukCNvQFmwuot8uJByDhplGI7rjIsIpvI82F9GaFhAOMJ20qYj2Lp+wL1/2/muIznsu4Q7bhM1EtC95hO/It7CxiMK0zxOqNGEjEYVG5AgV3sKmIvJvIke4VWvCDKIfy77/50WAb/ZWRjhUegt5xDjFzvXfjNt+f95dzvtry7eQWXpVyRpKCIu8T+WItuv4l0OnL7r02sPlYv7pOnBKy3koddlPLkN7hbuWEGo0YRCS86oggGd5+LRgETlWp/8eaxqKgOfH5f4WjJglXCgTBmSyKo2HHC7OkJAON9lE6opBdKxJfqCdwWLbpoww3wdcxreTOvGympY/HfPqjkRCK/G/dMFjl/+TJuyrNWHgwVN22uWENnVCrMQ4QWpML+GhPQ7dNaWEuGUTFdkjoq4BhKxv7YTGst+Sy0d4gKRLUxcooQpgQFA5kABCNlO3hM+y1cIJMcPaIuFMoZOSCy7/EdKGyUeHYm90/ybXr4i5lb67CSF6YRgBYhORygn9c/LRXmqgScayLibCzh7whG10Jw1C2QjaXa5Ol88vo9W6fp0H8+OIX26XEzIHxDo10CRzyAYViO22OUJ0Jw1u2R76ftiHJPRsZpXGlS/eBkdKWU5IO5Z5Fj7KRv6/qEjs5G4PQqzRHe7Tuzzt48QL73cRzXA7Mud+HgYBgJD+GOInbZoKtEOZ8kk3NVQ6aXBO8x3CkP1ImcWU7zqXDWikSW7XT72GdMjGDDRvtJveCUe4ThpMUi14DISfSLJetJ2vnln2fGyg6aQIkzlkiMyHsEaMEDfdB4YYgbS8pX8g2ZLYdyZlT+TSiJG5+L5RK7qHJHxM+nfCTPRToYgYRXYg2W9LV/3lryENvv8UB5rP5PIamfLh/6GEU5T7whN3IXfSHq7k2HDo+JyzsLhg19LONCFcYDppKOzQdSc531VA9Fu024sTO5tD0Fk79yEqJsTMFcFNAMzfi8MjUiMkbV/Tpu2jcwbud4wJr4gmJMJiougFRiO6NHtCtK9Z03bQqWX3rxo4F1QopFNLwhc1EKn1af6RLyzG+Nyy2IQwcCZbyM+E65IvIhGpB2OYmito037inXbxK2ygnGzCemJZOgSjENn+9Ea+sACYRBnFpnxEeEYMNHwfBXwcg5jnwXC60hEWpHgqNTBuRGFND2p6BCKzPgfiQEN/1YVKDqsVEyJ8UCEHCNwuzkX07ZTYhpHv8pcturDYWuLnQZ3W6UeEcLM7/MsRQr0COYh2y2ynRO8MvDyHLKUiQ9Aw/4IHGsKtet/Blp4ckU3vyvqCNGJkzBtwiybgHwqx1yhFdBH55lJ1QbNj9EMacGc34fJuUUEbMkQLUzRApiVo4PF/IkLwgxLu/riNKgmio1sAEugcbplGF9oaAR+einR7ZB0bmfAzrIC7UG7XAE8WhFsXFgeCAxD9z1lHFL37NHU9Gd3aqcsdA0bo9A3wZMGPpHO0AzmDaIlipXXWjnD9P+oqFS9bLtDtZo2MDrTD8QvDGxaw1LphFo24kH84IsyMKQeW2zFWQMKAW9tjw98AiMyiEUmYq3SgGPXgrow1sMOFXHZ/p/rQIhozmVrIs6ZtqRKujTGQkHD7FNDvwBGZPy3tKk38elhXKZM9N6Amjcdtsnwr7ojnI7L9zJSrlDYt1lX6e4OtAX1afr5XjkvJRWS98UfuKj2oVsfxz8Ye+HDcUAo2EuCIdPM3ZW2qu0oZ4cSYwB6N34xRGkqLEZ3k1mkPBjWFPUXAt7ebAZza+IWFYtxGASLbIUx7MJKXf6peXuWqQghNOoEjsoFGnPZs6lSYqVfhAj8Xb3ejrdJSRKuT3Dq1NUpdpdg9GU4tFUK9NpQh0vCeaWpPRsNVygQmrOo9lCLSaW9WnauUqvX0kUaGmLdD6NI9GY1ieEqEur00g8imvdTWKF0mK7lKE13B8yH3Huq3YQqRDjRt0bxmXvC5Rr2/P1CbptJeGngecZ1f/ZcMNJv/HF7/UVPOcFKCv5eRTQO0SwMu1UbHprnfa97uikpunL5MvcHd9PUBGNH/hK4teKutrUlIOqamWnDCrQF1ufBODOW0hYRQ8ywAzH53tD6ErvH51ZNicg1V+CRfaaxojQ/103icq00rccEI9pqAGKeNuwL72ngvBqAmQRFhNqMcKYTPxu2A/aUht8Gtk14TD6WjX/Ui0d9u2RNEdzaGM/F674gwAKwR2Oct/PKqqQvJrQgn22Ll8n8Er69DbYxFyhmMOvXF6cP3LfjB9KD1IopqsZinnJhLTPh6Rm4Xvvektj8KkCtPpmAJE/DJT6IWYv+Q35mBV14AKEjueZQ7Eoc6BWLv+4dQh2nAH0twrK6bBvJkChZOO9KpI37fAwbv4/Nzfrc6Qhb/IAZ7sRWVsqv0fpd4Hx88ufG73JqTvnDbZFZIBXsxR+JZ5zW8x2KA10JCpIKGVzhNmIxgKVcpdSTqeDCSeBp4TBQ/mibldysQnYVSrlJaLehdqxK1hYtrC4UIkYqG00C+Q8jibRY6r2ES1wZ/pfixRihQqyFmDQaCYyMnnBapJDYRHl8qhH0BC0qViQYdDz3Bd8PCabXm+yS+FGFHiys7XBJDHiHdIRTrhrNwWq1TNZIYYUScdyhUtxlWQBiwHcK4RzBEtlWjNd/TOG9MrD4RqtuolQoRCelv9i2khbGtGq35nsXqI/ItArGa7VKSL4MT9UrRWo0JYk7wCVIs3wKTM5NK/e0Hul6pZAXB7I4HIltY6M33NGcGNWSI/dTsnsEmkbSn0B3C3wCWOyJN5tKa73/znlC5axk/0tqD/D6B972UjGjBd3IXLoAlQvTpy6CzY5Ek3eLzD8O0I6m/L/16QL5H0uD+kK4g+G7U+o2v/dCZ77n8Q1wOKcmcfdK5Fo04ASGneFqXVbtj6xVhKGixhQUyazTVhr85pMg8YC9baGD27YWyewQhCelJ4lLCxJhPbdj5yWWt+Z7PA8bmcstqKUwPE0JCOrQGkUJCyGQ9+g22lxDShUXKZ0Ava833Qi43NtXZk8ahD3t/t+fbNdJtfxnMV7O+YORJCNmu5En4N+a51Fvf8/n46JoKRFaxt0SyNtwP7tpeM5d3kQZXDUCxpgK+5EC4Rx8KLq2rGTwkuRwn1WgAputi4IPxAvQuIKpyqKFdJC1V20SlPg22tgl621ELMVOfRmVvPvAO4FMIo7/woR3+jlGmxpDaZksYrIC7nb2dyjJEHTFbJ0q11ldIPsr3rJfrQHGZpYwoqfWlXK8tLmZWcFZPtzc2iLpHRxVRUq9Nw4sdhN5te1xmxp3hcvHxSTQXyWqI0pp7mhu7kY0WTdTz8Tyav+cf293+FnBW3LMRpXUTNWpfMkxe2mhUCojy2pfq9UvrFh4xp36pbphMfcIi5tWgrcI5WJOQiLl1hJvbiDjE/FrQ1QYgVCsMotPPJVQpvfcswRGLarJrR47WKTBiYV39CrfnqxcQsfhsBPQq9amCIaZPe9Q4o+T5giCWnVFSbbRT5SpHLD9npopkihpVigg4K6ii7fm6VIIIOe9JO069ZhUiws7s0oxxrl1FiMBz18rPznutCjLCZWV9VM4/fLXyEP30UU+5hLpJorUrL10afIZleTW9V0uKiDmHVDcYv35JEHFnyeafB9wUZRBt5HnAeWc6N0dpROyZzjnncjdJIiL+XO6y4qQNEI+ocra62a4kuLJO/SL6X/nbfPmEZrfphAzRT696gYQN9p9S0UjGgr2vQsLmD6gPxNxhtJzQXPwLiE7xUSLFhOax+YglgGWE5t+mv4ukrExoGaF5aHYrlgKWEzbbuCkHBBCaq+a2opcJdVUibO6I6kEOZIIQNhXRA0XWgQjNjXZeRfUKCOzMPhihfl5F5QqCIlMNT2h2G7bSCCfQ8iFQQrN9adKsQS7gqEgwYaPmfnmcuTahOZImHDxfQYgpd44hNIeTJvRUggsxRxE2wlVM1uWPqUFobozXOqhCA3hyrTKhaZ5e2YzkVP6A2oTm6GXNGBoKJyooEJrm+CVGXEDkWy91EJrvLxhUyUStzJsaYbTckCe91qYwQJ09XAGh2V4/sasGZI3IXamI0DSnA1AGcAV83mBa/jg1EEZrKqVEGCwf2QHXSTUQRkPOruZ2xBzeXgthxLjVyIgpU0i2unUy9Qkje3ytmxcjV0DIGp3GWQthpMVn5Q0Zkr3q/CCqGsJo0BmHFTZkQMKx1vDCqSrCSLNBNb016p2DXvmfg6pCwsgKmA1CouUIiCsUbGfKs7tMlRJGao/GE3l5BQieNxmPKsUzqyeMNVxsbwTXlnFy32270DBdclUHYaxhb/1NPEACYlxdwiPf614FE4NUdRHeNR2tTnuDRO0ZhmJGYlw2I4wLZxj702pUR9Mx1Ur4ULe/mR0P49P3fnK7XY3r7TbZf5/Gh+Ns09etew3Q/2rtZpHrhwv0AAAAAElFTkSuQmCC'),
(12, 'C# OOP 2', 'What is Lorem Ipsum?\r\nLorem Ipsum is simply dummy text of the printing and typesetting industry. Lorem Ipsum has been the industry\'s standard dummy text ever since the 1500s, when an unknown printer took a galley of type and scrambled it to make a type specimen book. It has survived not only five centuries, but also the leap into electronic typesetting, remaining essentially unchanged. It was popularised in the 1960s with the release of Letraset sheets containing Lorem Ipsum passages, and more recently with desktop publishing software like Aldus PageMaker including versions of Lorem Ipsum.\r\n\r\nWhy do we use it?\r\nIt is a long established fact that a reader will be distracted by the readable content of a page when looking at its layout. The point of using Lorem Ipsum is that it has a more-or-less normal distribution of letters, as opposed to using \'Content here, content here\', making it look like readable English. Many desktop publishing packages and web page editors now use Lorem Ipsum as their default model text, and a search for \'lorem ipsum\' will uncover many web sites still in their infancy. Various versions have evolved over the years, sometimes by accident, sometimes on purpose (injected humour and the like).\r\n\r\n\r\nWhere does it come from?\r\nContrary to popular belief, Lorem Ipsum is not simply random text. It has roots in a piece of classical Latin literature from 45 BC, making it over 2000 years old. Richard McClintock, a Latin professor at Hampden-Sydney College in Virginia, looked up one of the more obscure Latin words, consectetur, from a Lorem Ipsum passage, and going through the cites of the word in classical literature, discovered the undoubtable source. Lorem Ipsum comes from sections 1.10.32 and 1.10.33 of \"de Finibus Bonorum et Malorum\" (The Extremes of Good and Evil) by Cicero, written in 45 BC. This book is a treatise on the theory of ethics, very popular during the Renaissance. The first line of Lorem Ipsum, \"Lorem ipsum dolor sit amet..\", comes from a line in section 1.10.32.\r\n\r\nThe standard chunk of Lorem Ipsum used since the 1500s is reproduced below for those interested. Sections 1.10.32 and 1.10.33 from \"de Finibus Bonorum et Malorum\" by Cicero are also reproduced in their exact original form, accompanied by English versions from the 1914 translation by H. Rackham.\r\n\r\nWhere can I get some?\r\nThere are many variations of passages of Lorem Ipsum available, but the majority have suffered alteration in some form, by injected humour, or randomised words which don\'t look even slightly believable. If you are going to use a passage of Lorem Ipsum, you need to be sure there isn\'t anything embarrassing hidden in the middle of text. All the Lorem Ipsum generators on the Internet tend to repeat predefined chunks as necessary, making this the first true generator on the Internet. It uses a dictionary of over 200 Latin words, combined with a handful of model sentence structures, to generate Lorem Ipsum which looks reasonable. The generated Lorem Ipsum is therefore always free from repetition, injected humour, or non-characteristic words etc.', 'ugur', '2021-05-18 17:16:11', 4, 0, 37, 'https://pluralsight.imgix.net/paths/path-icons/csharp-e7b8fcd4ce.png'),
(18, 'PHP Dersleri 2', 'What is Lorem Ipsum?\r\nLorem Ipsum is simply dummy text of the printing and typesetting industry. Lorem Ipsum has been the industry\'s standard dummy text ever since the 1500s, when an unknown printer took a galley of type and scrambled it to make a type specimen book. It has survived not only five centuries, but also the leap into electronic typesetting, remaining essentially unchanged. It was popularised in the 1960s with the release of Letraset sheets containing Lorem Ipsum passages, and more recently with desktop publishing software like Aldus PageMaker including versions of Lorem Ipsum.\r\n\r\nWhy do we use it?\r\nIt is a long established fact that a reader will be distracted by the readable content of a page when looking at its layout. The point of using Lorem Ipsum is that it has a more-or-less normal distribution of letters, as opposed to using \'Content here, content here\', making it look like readable English. Many desktop publishing packages and web page editors now use Lorem Ipsum as their default model text, and a search for \'lorem ipsum\' will uncover many web sites still in their infancy. Various versions have evolved over the years, sometimes by accident, sometimes on purpose (injected humour and the like).\r\n\r\n\r\nWhere does it come from?\r\nContrary to popular belief, Lorem Ipsum is not simply random text. It has roots in a piece of classical Latin literature from 45 BC, making it over 2000 years old. Richard McClintock, a Latin professor at Hampden-Sydney College in Virginia, looked up one of the more obscure Latin words, consectetur, from a Lorem Ipsum passage, and going through the cites of the word in classical literature, discovered the undoubtable source. Lorem Ipsum comes from sections 1.10.32 and 1.10.33 of \"de Finibus Bonorum et Malorum\" (The Extremes of Good and Evil) by Cicero, written in 45 BC. This book is a treatise on the theory of ethics, very popular during the Renaissance. The first line of Lorem Ipsum, \"Lorem ipsum dolor sit amet..\", comes from a line in section 1.10.32.\r\n\r\nThe standard chunk of Lorem Ipsum used since the 1500s is reproduced below for those interested. Sections 1.10.32 and 1.10.33 from \"de Finibus Bonorum et Malorum\" by Cicero are also reproduced in their exact original form, accompanied by English versions from the 1914 translation by H. Rackham.\r\n\r\nWhere can I get some?\r\nThere are many variations of passages of Lorem Ipsum available, but the majority have suffered alteration in some form, by injected humour, or randomised words which don\'t look even slightly believable. If you are going to use a passage of Lorem Ipsum, you need to be sure there isn\'t anything embarrassing hidden in the middle of text. All the Lorem Ipsum generators on the Internet tend to repeat predefined chunks as necessary, making this the first true generator on the Internet. It uses a dictionary of over 200 Latin words, combined with a handful of model sentence structures, to generate Lorem Ipsum which looks reasonable. The generated Lorem Ipsum is therefore always free from repetition, injected humour, or non-characteristic words etc.', 'admin', '2021-05-19 11:23:05', 1, 0, 2, 'https://upload.wikimedia.org/wikipedia/commons/c/c1/PHP_Logo.png'),
(22, 'Deneme', 'What is Lorem Ipsum?\r\nLorem Ipsum is simply dummy text of the printing and typesetting industry. Lorem Ipsum has been the industry\'s standard dummy text ever since the 1500s, when an unknown printer took a galley of type and scrambled it to make a type specimen book. It has survived not only five centuries, but also the leap into electronic typesetting, remaining essentially unchanged. It was popularised in the 1960s with the release of Letraset sheets containing Lorem Ipsum passages, and more recently with desktop publishing software like Aldus PageMaker including versions of Lorem Ipsum.\r\n\r\nWhy do we use it?\r\nIt is a long established fact that a reader will be distracted by the readable content of a page when looking at its layout. The point of using Lorem Ipsum is that it has a more-or-less normal distribution of letters, as opposed to using \'Content here, content here\', making it look like readable English. Many desktop publishing packages and web page editors now use Lorem Ipsum as their default model text, and a search for \'lorem ipsum\' will uncover many web sites still in their infancy. Various versions have evolved over the years, sometimes by accident, sometimes on purpose (injected humour and the like).\r\n\r\n\r\nWhere does it come from?\r\nContrary to popular belief, Lorem Ipsum is not simply random text. It has roots in a piece of classical Latin literature from 45 BC, making it over 2000 years old. Richard McClintock, a Latin professor at Hampden-Sydney College in Virginia, looked up one of the more obscure Latin words, consectetur, from a Lorem Ipsum passage, and going through the cites of the word in classical literature, discovered the undoubtable source. Lorem Ipsum comes from sections 1.10.32 and 1.10.33 of \"de Finibus Bonorum et Malorum\" (The Extremes of Good and Evil) by Cicero, written in 45 BC. This book is a treatise on the theory of ethics, very popular during the Renaissance. The first line of Lorem Ipsum, \"Lorem ipsum dolor sit amet..\", comes from a line in section 1.10.32.\r\n\r\nThe standard chunk of Lorem Ipsum used since the 1500s is reproduced below for those interested. Sections 1.10.32 and 1.10.33 from \"de Finibus Bonorum et Malorum\" by Cicero are also reproduced in their exact original form, accompanied by English versions from the 1914 translation by H. Rackham.\r\n\r\nWhere can I get some?\r\nThere are many variations of passages of Lorem Ipsum available, but the majority have suffered alteration in some form, by injected humour, or randomised words which don\'t look even slightly believable. If you are going to use a passage of Lorem Ipsum, you need to be sure there isn\'t anything embarrassing hidden in the middle of text. All the Lorem Ipsum generators on the Internet tend to repeat predefined chunks as necessary, making this the first true generator on the Internet. It uses a dictionary of over 200 Latin words, combined with a handful of model sentence structures, to generate Lorem Ipsum which looks reasonable. The generated Lorem Ipsum is therefore always free from repetition, injected humour, or non-characteristic words etc.', 'admin', '2021-06-05 17:40:00', 4, 0, 2, 'https://codingnomads.co/wp-content/uploads/2020/12/OOP-graphic-blog-oop-concepts-in-java-what-is-object-oriented-programming.png'),
(23, 'Deneme İçerik', 'What is Lorem Ipsum?\r\nLorem Ipsum is simply dummy text of the printing and typesetting industry. Lorem Ipsum has been the industry\'s standard dummy text ever since the 1500s, when an unknown printer took a galley of type and scrambled it to make a type specimen book. It has survived not only five centuries, but also the leap into electronic typesetting, remaining essentially unchanged. It was popularised in the 1960s with the release of Letraset sheets containing Lorem Ipsum passages, and more recently with desktop publishing software like Aldus PageMaker including versions of Lorem Ipsum.\r\n\r\nWhy do we use it?\r\nIt is a long established fact that a reader will be distracted by the readable content of a page when looking at its layout. The point of using Lorem Ipsum is that it has a more-or-less normal distribution of letters, as opposed to using \'Content here, content here\', making it look like readable English. Many desktop publishing packages and web page editors now use Lorem Ipsum as their default model text, and a search for \'lorem ipsum\' will uncover many web sites still in their infancy. Various versions have evolved over the years, sometimes by accident, sometimes on purpose (injected humour and the like).\r\n\r\n\r\nWhere does it come from?\r\nContrary to popular belief, Lorem Ipsum is not simply random text. It has roots in a piece of classical Latin literature from 45 BC, making it over 2000 years old. Richard McClintock, a Latin professor at Hampden-Sydney College in Virginia, looked up one of the more obscure Latin words, consectetur, from a Lorem Ipsum passage, and going through the cites of the word in classical literature, discovered the undoubtable source. Lorem Ipsum comes from sections 1.10.32 and 1.10.33 of \"de Finibus Bonorum et Malorum\" (The Extremes of Good and Evil) by Cicero, written in 45 BC. This book is a treatise on the theory of ethics, very popular during the Renaissance. The first line of Lorem Ipsum, \"Lorem ipsum dolor sit amet..\", comes from a line in section 1.10.32.\r\n\r\nThe standard chunk of Lorem Ipsum used since the 1500s is reproduced below for those interested. Sections 1.10.32 and 1.10.33 from \"de Finibus Bonorum et Malorum\" by Cicero are also reproduced in their exact original form, accompanied by English versions from the 1914 translation by H. Rackham.\r\n\r\nWhere can I get some?\r\nThere are many variations of passages of Lorem Ipsum available, but the majority have suffered alteration in some form, by injected humour, or randomised words which don\'t look even slightly believable. If you are going to use a passage of Lorem Ipsum, you need to be sure there isn\'t anything embarrassing hidden in the middle of text. All the Lorem Ipsum generators on the Internet tend to repeat predefined chunks as necessary, making this the first true generator on the Internet. It uses a dictionary of over 200 Latin words, combined with a handful of model sentence structures, to generate Lorem Ipsum which looks reasonable. The generated Lorem Ipsum is therefore always free from repetition, injected humour, or non-characteristic words etc.', 'ugur', '2021-06-06 11:14:08', 3, 0, 2, 'https://codingnomads.co/wp-content/uploads/2020/12/OOP-graphic-blog-oop-concepts-in-java-what-is-object-oriented-programming.png');
INSERT INTO `subjects` (`subject_id`, `subject_title`, `subject_explanation`, `subject_owner`, `subject_date`, `subject_category`, `subject_status`, `subject_hit`, `subject_image`) VALUES
(24, 'Deneme Ders', 'What is Lorem Ipsum?\r\nLorem Ipsum is simply dummy text of the printing and typesetting industry. Lorem Ipsum has been the industry\'s standard dummy text ever since the 1500s, when an unknown printer took a galley of type and scrambled it to make a type specimen book. It has survived not only five centuries, but also the leap into electronic typesetting, remaining essentially unchanged. It was popularised in the 1960s with the release of Letraset sheets containing Lorem Ipsum passages, and more recently with desktop publishing software like Aldus PageMaker including versions of Lorem Ipsum.\r\n\r\nWhy do we use it?\r\nIt is a long established fact that a reader will be distracted by the readable content of a page when looking at its layout. The point of using Lorem Ipsum is that it has a more-or-less normal distribution of letters, as opposed to using \'Content here, content here\', making it look like readable English. Many desktop publishing packages and web page editors now use Lorem Ipsum as their default model text, and a search for \'lorem ipsum\' will uncover many web sites still in their infancy. Various versions have evolved over the years, sometimes by accident, sometimes on purpose (injected humour and the like).\r\n\r\n\r\nWhere does it come from?\r\nContrary to popular belief, Lorem Ipsum is not simply random text. It has roots in a piece of classical Latin literature from 45 BC, making it over 2000 years old. Richard McClintock, a Latin professor at Hampden-Sydney College in Virginia, looked up one of the more obscure Latin words, consectetur, from a Lorem Ipsum passage, and going through the cites of the word in classical literature, discovered the undoubtable source. Lorem Ipsum comes from sections 1.10.32 and 1.10.33 of \"de Finibus Bonorum et Malorum\" (The Extremes of Good and Evil) by Cicero, written in 45 BC. This book is a treatise on the theory of ethics, very popular during the Renaissance. The first line of Lorem Ipsum, \"Lorem ipsum dolor sit amet..\", comes from a line in section 1.10.32.\r\n\r\nThe standard chunk of Lorem Ipsum used since the 1500s is reproduced below for those interested. Sections 1.10.32 and 1.10.33 from \"de Finibus Bonorum et Malorum\" by Cicero are also reproduced in their exact original form, accompanied by English versions from the 1914 translation by H. Rackham.\r\n\r\nWhere can I get some?\r\nThere are many variations of passages of Lorem Ipsum available, but the majority have suffered alteration in some form, by injected humour, or randomised words which don\'t look even slightly believable. If you are going to use a passage of Lorem Ipsum, you need to be sure there isn\'t anything embarrassing hidden in the middle of text. All the Lorem Ipsum generators on the Internet tend to repeat predefined chunks as necessary, making this the first true generator on the Internet. It uses a dictionary of over 200 Latin words, combined with a handful of model sentence structures, to generate Lorem Ipsum which looks reasonable. The generated Lorem Ipsum is therefore always free from repetition, injected humour, or non-characteristic words etc.', 'admin', '2021-06-08 12:13:07', 6, 0, 1, 'https://codingnomads.co/wp-content/uploads/2020/12/OOP-graphic-blog-oop-concepts-in-java-what-is-object-oriented-programming.png'),
(25, 'Deneme ders 2', 'What is Lorem Ipsum?\r\nLorem Ipsum is simply dummy text of the printing and typesetting industry. Lorem Ipsum has been the industry\'s standard dummy text ever since the 1500s, when an unknown printer took a galley of type and scrambled it to make a type specimen book. It has survived not only five centuries, but also the leap into electronic typesetting, remaining essentially unchanged. It was popularised in the 1960s with the release of Letraset sheets containing Lorem Ipsum passages, and more recently with desktop publishing software like Aldus PageMaker including versions of Lorem Ipsum.\r\n\r\nWhy do we use it?\r\nIt is a long established fact that a reader will be distracted by the readable content of a page when looking at its layout. The point of using Lorem Ipsum is that it has a more-or-less normal distribution of letters, as opposed to using \'Content here, content here\', making it look like readable English. Many desktop publishing packages and web page editors now use Lorem Ipsum as their default model text, and a search for \'lorem ipsum\' will uncover many web sites still in their infancy. Various versions have evolved over the years, sometimes by accident, sometimes on purpose (injected humour and the like).\r\n\r\n\r\nWhere does it come from?\r\nContrary to popular belief, Lorem Ipsum is not simply random text. It has roots in a piece of classical Latin literature from 45 BC, making it over 2000 years old. Richard McClintock, a Latin professor at Hampden-Sydney College in Virginia, looked up one of the more obscure Latin words, consectetur, from a Lorem Ipsum passage, and going through the cites of the word in classical literature, discovered the undoubtable source. Lorem Ipsum comes from sections 1.10.32 and 1.10.33 of \"de Finibus Bonorum et Malorum\" (The Extremes of Good and Evil) by Cicero, written in 45 BC. This book is a treatise on the theory of ethics, very popular during the Renaissance. The first line of Lorem Ipsum, \"Lorem ipsum dolor sit amet..\", comes from a line in section 1.10.32.\r\n\r\nThe standard chunk of Lorem Ipsum used since the 1500s is reproduced below for those interested. Sections 1.10.32 and 1.10.33 from \"de Finibus Bonorum et Malorum\" by Cicero are also reproduced in their exact original form, accompanied by English versions from the 1914 translation by H. Rackham.\r\n\r\nWhere can I get some?\r\nThere are many variations of passages of Lorem Ipsum available, but the majority have suffered alteration in some form, by injected humour, or randomised words which don\'t look even slightly believable. If you are going to use a passage of Lorem Ipsum, you need to be sure there isn\'t anything embarrassing hidden in the middle of text. All the Lorem Ipsum generators on the Internet tend to repeat predefined chunks as necessary, making this the first true generator on the Internet. It uses a dictionary of over 200 Latin words, combined with a handful of model sentence structures, to generate Lorem Ipsum which looks reasonable. The generated Lorem Ipsum is therefore always free from repetition, injected humour, or non-characteristic words etc.', 'yusf', '2021-06-08 14:39:37', 5, 0, 1, 'https://codingnomads.co/wp-content/uploads/2020/12/OOP-graphic-blog-oop-concepts-in-java-what-is-object-oriented-programming.png');

-- --------------------------------------------------------

--
-- Tablo için tablo yapısı `users`
--

CREATE TABLE `users` (
  `user_id` int(11) NOT NULL,
  `user_name` varchar(200) NOT NULL,
  `user_password` varchar(200) NOT NULL,
  `user_mail` varchar(200) NOT NULL,
  `date_of_registration` timestamp NOT NULL DEFAULT current_timestamp(),
  `user_rank` int(11) NOT NULL DEFAULT 0,
  `user_confirmation` int(11) NOT NULL DEFAULT 0,
  `user_about` text NOT NULL
) ENGINE=InnoDB DEFAULT CHARSET=utf8;

--
-- Tablo döküm verisi `users`
--

INSERT INTO `users` (`user_id`, `user_name`, `user_password`, `user_mail`, `date_of_registration`, `user_rank`, `user_confirmation`, `user_about`) VALUES
(1, 'admin', '202cb962ac59075b964b07152d234b70', 'developerlibrary@gmail.com', '2021-05-13 17:49:24', 1, 1, 'Developer merhaba\r\n'),
(2, 'yusuf', '81dc9bdb52d04dc20036dbd8313ed055', 'yusufpolat@yusuf.com', '2021-05-18 16:47:28', 1, 1, ''),
(3, 'mehmet', 'e72e1acea80abbae798555e9a3932870', 'asldaskd@xn--asldlka-cqb.com', '2021-05-18 17:04:37', 0, 0, ''),
(4, 'yunus', '202cb962ac59075b964b07152d234b70', 'aksdasd@lsdlasd.com', '2021-05-18 17:06:39', 0, 0, ''),
(5, 'renuz', '202cb962ac59075b964b07152d234b70', 'laasdas@lslsl.com', '2021-05-18 17:07:46', 0, 0, ''),
(6, 'lala', '202cb962ac59075b964b07152d234b70', 'kasdka@aldl.com', '2021-05-18 17:08:38', 0, 0, ''),
(7, 'hasan', '202cb962ac59075b964b07152d234b70', 'kasdkaks@sldalsld.com', '2021-05-18 17:12:28', 0, 0, ''),
(8, 'ugur', '202cb962ac59075b964b07152d234b70', 'asldals@alsdla.coz', '2021-05-18 17:14:22', 0, 0, ''),
(9, '1234y', '643bd912de6f5e848cb24632f07d29ca', 'yuhy@dgerg.c0om', '2021-05-18 18:10:24', 0, 0, ''),
(10, 'reqedit', '202cb962ac59075b964b07152d234b70', 'reqedit@reqedit.com', '2021-05-19 10:42:00', 0, 0, ''),
(11, 'onur', '202cb962ac59075b964b07152d234b70', 'onur@onur.com', '2021-05-21 12:40:52', 0, 0, 'Ben hepinizin aq'),
(12, 'yusf', '202cb962ac59075b964b07152d234b70', 'deneme@dlsdl.com', '2021-06-08 14:38:04', 0, 0, '');

--
-- Dökümü yapılmış tablolar için indeksler
--

--
-- Tablo için indeksler `categories`
--
ALTER TABLE `categories`
  ADD PRIMARY KEY (`category_id`);

--
-- Tablo için indeksler `comments`
--
ALTER TABLE `comments`
  ADD PRIMARY KEY (`comment_id`);

--
-- Tablo için indeksler `messages`
--
ALTER TABLE `messages`
  ADD PRIMARY KEY (`message_id`);

--
-- Tablo için indeksler `subjects`
--
ALTER TABLE `subjects`
  ADD PRIMARY KEY (`subject_id`);

--
-- Tablo için indeksler `users`
--
ALTER TABLE `users`
  ADD PRIMARY KEY (`user_id`);

--
-- Dökümü yapılmış tablolar için AUTO_INCREMENT değeri
--

--
-- Tablo için AUTO_INCREMENT değeri `categories`
--
ALTER TABLE `categories`
  MODIFY `category_id` int(11) NOT NULL AUTO_INCREMENT, AUTO_INCREMENT=8;

--
-- Tablo için AUTO_INCREMENT değeri `comments`
--
ALTER TABLE `comments`
  MODIFY `comment_id` int(11) NOT NULL AUTO_INCREMENT, AUTO_INCREMENT=38;

--
-- Tablo için AUTO_INCREMENT değeri `messages`
--
ALTER TABLE `messages`
  MODIFY `message_id` int(11) NOT NULL AUTO_INCREMENT, AUTO_INCREMENT=18;

--
-- Tablo için AUTO_INCREMENT değeri `subjects`
--
ALTER TABLE `subjects`
  MODIFY `subject_id` int(11) NOT NULL AUTO_INCREMENT, AUTO_INCREMENT=26;

--
-- Tablo için AUTO_INCREMENT değeri `users`
--
ALTER TABLE `users`
  MODIFY `user_id` int(11) NOT NULL AUTO_INCREMENT, AUTO_INCREMENT=13;
COMMIT;

/*!40101 SET CHARACTER_SET_CLIENT=@OLD_CHARACTER_SET_CLIENT */;
/*!40101 SET CHARACTER_SET_RESULTS=@OLD_CHARACTER_SET_RESULTS */;
/*!40101 SET COLLATION_CONNECTION=@OLD_COLLATION_CONNECTION */;
